{
    "name": "root",
    "metadata": {
        "timer_format_version": "0.1.0",
        "start_time_seconds": "1712070745",
        "python_version": "3.9.13 (main, Aug 25 2022, 23:51:50) [MSC v.1916 64 bit (AMD64)]",
        "command_line_arguments": "C:\\Users\\Reaster\\anaconda3\\Scripts\\mlagents-learn --run-id=ctest4",
        "mlagents_version": "0.30.0",
        "mlagents_envs_version": "0.30.0",
        "communication_protocol_version": "1.5.0",
        "pytorch_version": "2.1.1+cpu",
        "numpy_version": "1.21.2",
        "end_time_seconds": "1712071149"
    },
    "total": 404.7341354,
    "count": 1,
    "self": 0.00920139999999492,
    "children": {
        "run_training.setup": {
            "total": 0.06755420000000001,
            "count": 1,
            "self": 0.06755420000000001
        },
        "TrainerController.start_learning": {
            "total": 404.6573798,
            "count": 1,
            "self": 0.9113556999988077,
            "children": {
                "TrainerController._reset_env": {
                    "total": 23.635826799999997,
                    "count": 1,
                    "self": 23.635826799999997
                },
                "TrainerController.advance": {
                    "total": 379.9393545000012,
                    "count": 30363,
                    "self": 1.1275348000106646,
                    "children": {
                        "env_step": {
                            "total": 356.8534141999975,
                            "count": 30363,
                            "self": 266.87517789999885,
                            "children": {
                                "SubprocessEnvManager._take_step": {
                                    "total": 89.37063830000143,
                                    "count": 30363,
                                    "self": 5.1707681000036985,
                                    "children": {
                                        "TorchPolicy.evaluate": {
                                            "total": 84.19987019999773,
                                            "count": 60714,
                                            "self": 84.19987019999773
                                        }
                                    }
                                },
                                "workers": {
                                    "total": 0.6075979999971892,
                                    "count": 30362,
                                    "self": 0.0,
                                    "children": {
                                        "worker_root": {
                                            "total": 315.16746289999855,
                                            "count": 30362,
                                            "is_parallel": true,
                                            "self": 159.32811939999667,
                                            "children": {
                                                "steps_from_proto": {
                                                    "total": 0.0009089000000024328,
                                                    "count": 2,
                                                    "is_parallel": true,
                                                    "self": 0.0005083000000034588,
                                                    "children": {
                                                        "_process_rank_one_or_two_observation": {
                                                            "total": 0.000400599999998974,
                                                            "count": 6,
                                                            "is_parallel": true,
                                                            "self": 0.000400599999998974
                                                        }
                                                    }
                                                },
                                                "UnityEnvironment.step": {
                                                    "total": 155.83843460000188,
                                                    "count": 30362,
                                                    "is_parallel": true,
                                                    "self": 4.0689215000071215,
                                                    "children": {
                                                        "UnityEnvironment._generate_step_input": {
                                                            "total": 3.558366899998102,
                                                            "count": 30362,
                                                            "is_parallel": true,
                                                            "self": 3.558366899998102
                                                        },
                                                        "communicator.exchange": {
                                                            "total": 130.13747670000305,
                                                            "count": 30362,
                                                            "is_parallel": true,
                                                            "self": 130.13747670000305
                                                        },
                                                        "steps_from_proto": {
                                                            "total": 18.0736694999936,
                                                            "count": 60724,
                                                            "is_parallel": true,
                                                            "self": 10.953944199987756,
                                                            "children": {
                                                                "_process_rank_one_or_two_observation": {
                                                                    "total": 7.119725300005843,
                                                                    "count": 182172,
                                                                    "is_parallel": true,
                                                                    "self": 7.119725300005843
                                                                }
                                                            }
                                                        }
                                                    }
                                                }
                                            }
                                        }
                                    }
                                }
                            }
                        },
                        "trainer_advance": {
                            "total": 21.958405499993052,
                            "count": 60724,
                            "self": 1.496645599989229,
                            "children": {
                                "process_trajectory": {
                                    "total": 6.642866800003798,
                                    "count": 60724,
                                    "self": 6.642866800003798
                                },
                                "_update_policy": {
                                    "total": 13.818893100000025,
                                    "count": 4,
                                    "self": 10.059911699999986,
                                    "children": {
                                        "TorchPPOOptimizer.update": {
                                            "total": 3.7589814000000388,
                                            "count": 120,